{
  "category": "Spirituality",
  "confidence": 0.5308709740638733,
  "all_scores": {
    "Philosophy": 0.4644065201282501,
    "Spirituality": 0.5308709740638733,
    "Self-Improvement": 0.44254860281944275,
    "Psychology": 0.45279547572135925,
    "Business": 0.3307504951953888,
    "Health": 0.43114763498306274,
    "Tech": 0.2826768159866333,
    "Politics": 0.34762895107269287,
    "History": 0.3315017819404602,
    "Creativity": 0.3943672776222229,
    "Education": 0.4073464572429657,
    "Entertainment": 0.4347735643386841,
    "Music": 0.4314565360546112,
    "Art": 0.4201131761074066,
    "Science": 0.44038480520248413
  }
}