{
  "category": "Creativity",
  "confidence": 0.38892316818237305,
  "all_scores": {
    "Philosophy": 0.20514938235282898,
    "Spirituality": 0.14327731728553772,
    "Self-Improvement": 0.34515929222106934,
    "Psychology": 0.2889636754989624,
    "Business": 0.31445279717445374,
    "Health": 0.2514195740222931,
    "Tech": 0.30449849367141724,
    "Politics": 0.29144203662872314,
    "History": 0.2592823803424835,
    "Creativity": 0.38892316818237305,
    "Education": 0.3167489469051361,
    "Entertainment": 0.2904342710971832,
    "Music": 0.26825761795043945,
    "Art": 0.34060120582580566,
    "Science": 0.3352148234844208
  }
}