{
  "category": "Education",
  "confidence": 0.4233255982398987,
  "all_scores": {
    "Philosophy": 0.346220999956131,
    "Spirituality": 0.30613356828689575,
    "Self-Improvement": 0.3749768137931824,
    "Psychology": 0.41972991824150085,
    "Business": 0.3050234317779541,
    "Health": 0.313178688287735,
    "Tech": 0.3506011962890625,
    "Politics": 0.31622201204299927,
    "History": 0.3101406693458557,
    "Creativity": 0.37543821334838867,
    "Education": 0.4233255982398987,
    "Entertainment": 0.3282566964626312,
    "Music": 0.25785040855407715,
    "Art": 0.3245255649089813,
    "Science": 0.37286263704299927
  }
}