{
  "category": "History",
  "confidence": 0.35474511981010437,
  "all_scores": {
    "Philosophy": 0.33569464087486267,
    "Spirituality": 0.24618110060691833,
    "Self-Improvement": 0.21276557445526123,
    "Psychology": 0.34824448823928833,
    "Business": 0.18330669403076172,
    "Health": 0.20861992239952087,
    "Tech": 0.15526488423347473,
    "Politics": 0.23914608359336853,
    "History": 0.35474511981010437,
    "Creativity": 0.2558741569519043,
    "Education": 0.21261225640773773,
    "Entertainment": 0.1597849428653717,
    "Music": 0.19243720173835754,
    "Art": 0.2612508237361908,
    "Science": 0.22129425406455994
  }
}