{
  "category": "Health",
  "confidence": 0.34638839960098267,
  "all_scores": {
    "Philosophy": 0.3202141523361206,
    "Spirituality": 0.3172138035297394,
    "Self-Improvement": 0.2415667027235031,
    "Psychology": 0.3129104971885681,
    "Business": 0.20246976613998413,
    "Health": 0.34638839960098267,
    "Tech": 0.11904884874820709,
    "Politics": 0.24174842238426208,
    "History": 0.17800316214561462,
    "Creativity": 0.19367748498916626,
    "Education": 0.24109390377998352,
    "Entertainment": 0.24197392165660858,
    "Music": 0.16071295738220215,
    "Art": 0.24205224215984344,
    "Science": 0.21724525094032288
  }
}