{
  "category": "Psychology",
  "confidence": 0.4965756833553314,
  "all_scores": {
    "Philosophy": 0.3939862549304962,
    "Spirituality": 0.45223790407180786,
    "Self-Improvement": 0.25471216440200806,
    "Psychology": 0.4965756833553314,
    "Business": 0.3207070827484131,
    "Health": 0.28881150484085083,
    "Tech": 0.22395069897174835,
    "Politics": 0.3046361207962036,
    "History": 0.30453288555145264,
    "Creativity": 0.41838717460632324,
    "Education": 0.32057857513427734,
    "Entertainment": 0.3569270968437195,
    "Music": 0.37571269273757935,
    "Art": 0.4218568205833435,
    "Science": 0.41560739278793335
  }
}