{
  "category": "Spirituality",
  "confidence": 0.4288495182991028,
  "all_scores": {
    "Philosophy": 0.29775458574295044,
    "Spirituality": 0.4288495182991028,
    "Self-Improvement": 0.2213878333568573,
    "Psychology": 0.3868735730648041,
    "Business": 0.25033271312713623,
    "Health": 0.19629600644111633,
    "Tech": 0.14138782024383545,
    "Politics": 0.21061837673187256,
    "History": 0.20670846104621887,
    "Creativity": 0.32923537492752075,
    "Education": 0.2857012152671814,
    "Entertainment": 0.20944052934646606,
    "Music": 0.23128390312194824,
    "Art": 0.2737690210342407,
    "Science": 0.2567749321460724
  }
}